"nome","areaGeo","reddito","infmort","oil"
"Australia","Asia",3426,26.7,1
"Iran","Asia",1280,NA,2
"Austria","Europe",3350,23.7,NA
"Belgium","Europe",3346,17,1
"Canada","Americas",4751,16.8,1
"Denmark","Europe",5029,13.5,1
"Finland","Europe",3312,10.1,1
"France","Europe",3403,12.9,1
"West Germany","Europe",5040,20.4,1
"Ireland","Europe",2009,17.8,1
"Italy","Europe",2298,25.7,1
"Japan","Europe",3292,11.7,1
"Netherlands","Europe",4103,11.6,1
"New Zealand","Asia",3723,16.2,1
"Norway","Europe",4102,11.3,1
"Portugal","Europe",956,44.8,1
"South Africa","Africa",1000,71.5,1
"Sweden","Europe",5596,9.6,1
"Switzerland","Europe",2963,12.8,1
"Britain","Europe",2503,17.5,1
"United States","Americas",5523,17.6,1
"Algeria","Africa",400,86.3,2
"Ecuador","Americas",250,78.5,2
"Indonesia","Asia",110,125,2
"Iraq","Asia",560,28.1,2
"Libya","Africa",3010,300,2
"Nigeria","Africa",220,58,2
"Saudi Arabia","Asia",1530,650,2
"Venezuela","Americas",1240,51.7,2
"Argentina","Americas",1191,59.6,1
"Brazil","Americas",425,170,1
"Chile","Americas",590,78,1
"Colombia","Americas",426,62.8,1
"Costa Rica","Americas",725,54.4,1
"Dominican Republic","Americas",406,48.8,1
"Greece","Europe",1760,27.8,1
"Guatemala","Americas",302,79.1,1
"Israel","Asia",2526,22.1,1
"Jamaica","Americas",727,26.2,1
"Lebanon","Asia",631,13.6,1
"Malaysia","Asia",295,32,1
"Mexico","Americas",684,60.9,1
"Nicaragua","Americas",507,46,1
"Panama","Americas",754,34.1,1
"Peru","Americas",335,65.1,1
"Singapore","Asia",1268,20.4,1
"Spain","Europe",1256,15.1,1
"Taiwan","Asia",261,19.1,1
"Trinidad and Tobago","Americas",732,26.2,1
"Tunisia","Africa",434,76.3,1
"Uruguay","Americas",799,40.4,1
"Yugoslavia","Europe",406,43.3,1
"Zambia","Africa",310,259,1
"Bolivia","Americas",200,60.4,1
"Cameroon","Africa",100,137,1
"Congo","Africa",281,180,1
"Egypt","Africa",210,114,1
"El Salvador","Americas",319,58.2,NA
"Ghana","Africa",217,63.7,1
"Honduras","Americas",284,39.3,1
"Ivory Coast","Africa",387,138,1
"Jordan","Asia",334,21.3,1
"South Korea","Asia",344,58,1
"Liberia","Africa",197,159.2,1
"Moroco","Africa",279,149,1
"Papua New Guinea","Asia",477,10.2,1
"Paraguay","Americas",347,38.6,1
"Philippines","Asia",230,67.9,1
"Syria","Asia",334,21.7,1
"Thailand","Asia",210,27,1
"Turkey","Asia",435,153,1
"South Vietnam","Asia",130,100,1
"Afganistan","Asia",75,400,1
"Bangladesh","Asia",100,124.3,1
"Burma","Asia",73,200,1
"Burundi","Africa",68,150,1
"Cambodia","Asia",123,100,1
"Central African Rep","Africa",122,190,1
"Chad","Africa",70,160,1
"Dahomey","Africa",81,109.6,1
"Ethiopia","Africa",79,84.2,1
"Guinea","Africa",79,216,1
"Haiti","Americas",100,NA,NA
"India","Asia",93,60.6,1
"Kenya","Africa",169,55,1
"Laos","Asia",71,NA,1
"Madagascar","Africa",120,102,1
"Malawi","Africa",130,148.3,1
"Mali","Africa",50,120,1
"Mauritania","Africa",174,187,1
"Nepal","Asia",90,NA,1
"Niger","Africa",70,200,1
"Pakistan","Asia",102,124.3,1
"Rwanda","Africa",61,132.9,1
"Sierra Leone","Africa",148,170,1
"Somalia","Africa",85,158,1
"Sri Lanka","Asia",162,45.1,1
"Sudan","Africa",125,129.4,1
"Tanzania","Africa",120,162.5,1
"Togo","Africa",160,127,1
"Uganda","Africa",134,160,1
"Upper Volta","Africa",82,180,1
"Southern Yemen","Asia",96,80,1
"Yemen","Asia",77,50,1
"Zaire","Africa",118,104,1
